Country	Country Code	Indicator Name	Indicator Code	1990	1991	1992	1993	1994	1995	1996	1997	1998	1999	2000	2001	2002	2003	2004	2005	2006	2007	2008	2009	2010	2011	2012	2013	2014	2015	2016	2017	2018	2019	2020
Afghanistan	AFG	GDP per capita (current US$)	NY.GDP.PCAP.CD													179,426611	190,6838143	211,3821169	242,0312849	263,7336917	359,6932375	364,6607448	438,0760344	543,3030419	591,162759	641,8714792	637,1655232	613,8566892	578,4663529	547,2281102	556,3020024	524,162	502,1154869	
Angola	AGO	GDP per capita (current US$)	NY.GDP.PCAP.CD	947,7041821	865,6927296	656,361756	441,2006733	328,6732947	397,1794508	522,6438073	514,2952232	423,5936602	387,784316	556,8363181	527,3335285	872,4944916	982,9608993	1255,564045	1902,422346	2599,566464	3121,995637	4080,94141	3122,780766	3587,883798	4615,468028	5100,095808	5254,882338	5408,410496	4166,979684	3506,072885	4095,812942	3289,64	2973,59116	
Albania	ALB	GDP per capita (current US$)	NY.GDP.PCAP.CD	617,2304355	336,5869945	200,8522198	367,2792251	586,4163396	750,6044492	1009,977668	717,3805674	813,7902636	1033,241693	1126,683318	1281,659393	1425,124849	1846,118813	2373,579844	2673,787283	2972,743265	3595,037163	4370,540127	4114,140114	4094,350334	4437,142885	4247,629984	4413,060861	4578,631994	3952,801215	4124,055726	4531,020806	5284,38	5352,857411	
Argentina	ARG	GDP per capita (current US$)	NY.GDP.PCAP.CD	4333,482973	5735,360327	6823,537616	6969,118088	7483,139682	7408,708238	7721,354543	8213,1272	8289,505729	7774,736203	7708,100996	7208,371567	2593,40415	3349,806124	4277,721351	5109,851325	5919,012037	7245,448317	9020,873098	8225,137176	10385,96443	12848,8642	13082,66433	13080,25473	12334,79825	13789,06042	12790,24247	14591,86338	11683,9	10006,14897	
Armenia	ARM	GDP per capita (current US$)	NY.GDP.PCAP.CD	637,8546595	590,1210473	369,6326166	357,2032777	400,5152381	456,3750487	504,0585594	523,283068	609,1724375	597,4325147	622,7421391	694,4232277	783,2406986	930,1273219	1191,91902	1643,753029	2158,143697	3139,277499	4010,857243	2994,342544	3218,372707	3525,804747	3681,857456	3838,185801	3986,231624	3607,296697	3591,829276	3914,501268	4220,49	4622,733493	
Australia	AUS	GDP per capita (current US$)	NY.GDP.PCAP.CD	18211,27459	18821,47739	18569,81275	17634,25635	18046,02024	20319,63063	21861,32551	23468,59683	21318,96417	20533,03506	21679,24784	19490,86111	20082,48327	23447,031	30430,67644	33999,24286	36044,92281	40960,05449	49601,65671	42772,35917	52022,1256	62517,83375	68012,1479	68150,10704	62510,79117	56755,72171	49971,13146	54066,47127	57395,9	54907,10191	
Austria	AUT	GDP per capita (current US$)	NY.GDP.PCAP.CD	21680,98969	22410,91174	24880,16407	24081,52781	25646,70066	30325,84958	29809,07677	26705,4786	27361,87511	27174,29716	24564,45829	24537,51426	26401,74546	32222,89724	36821,52147	38403,13388	40635,28182	46855,77175	51708,76575	47963,1794	46858,04327	51374,95841	48567,69529	50716,70871	51717,49594	44178,04738	45237,80509	47549,07904	51525	50277,27509	
Azerbaijan	AZE	GDP per capita (current US$)	NY.GDP.PCAP.CD	1237,324492	1209,237493	676,1515115	529,8136618	436,216869	397,1981161	409,2107552	505,5637747	561,9070354	573,8932966	655,0974326	703,6838434	763,080638	883,6439965	1045,009379	1578,40239	2473,081819	3851,437869	5574,603802	4950,294791	5842,805784	7189,691229	7496,294648	7875,756953	7891,313147	5500,310382	3880,738731	4147,089716	4739,84	4793,58702	
Burundi	BDI	GDP per capita (current US$)	NY.GDP.PCAP.CD	208,1467554	209,7778979	190,489014	161,8875529	156,8123012	167,0989158	143,4023001	158,9146699	144,493064	128,9390833	136,4639708	134,3634475	123,117628	113,5673664	128,3366128	151,6814634	167,3764845	172,4958599	198,3529006	212,1368804	234,2356469	249,5779794	252,3589799	256,9760028	274,8579479	305,5497728	282,1931304	292,9976307	271,752	261,2474725	
Belgium	BEL	GDP per capita (current US$)	NY.GDP.PCAP.CD	20600,37525	21041,66064	23372,61913	22283,93601	24208,55484	28413,82644	27489,55518	24820,93805	25338,44329	25244,27505	23041,53473	22995,15752	24887,56133	30587,66841	35364,37533	36795,97688	38672,70594	44262,896	48106,89292	44583,54481	44141,87814	47348,52502	44673,11588	46744,66254	47700,54036	40991,80814	41998,33575	44288,50804	47491,3	46116,69923	
Benin	BEN	GDP per capita (current US$)	NY.GDP.PCAP.CD	393,6862144	385,753616	317,9628553	411,9260305	279,6665043	367,387341	387,4329246	361,1002698	379,442354	551,6193869	511,400227	517,6142296	572,2287954	709,6905332	797,31268	822,4578309	855,2940392	964,926944	1120,888273	1084,3939	1036,533952	1130,273132	1145,140811	1251,210518	1291,409808	1076,797716	1087,287832	1136,592847	1240,82	1219,432672	
Burkina Faso	BFA	GDP per capita (current US$)	NY.GDP.PCAP.CD	351,9793229	346,4106724	240,963481	244,1270735	193,0702363	235,8321973	249,3602944	229,4931177	255,7182334	298,228174	254,7175291	266,8641557	293,2807467	373,7876294	417,6270637	457,7515455	473,0291849	534,3558864	640,8108774	621,6731034	647,8358465	751,1729572	758,0007014	787,4701763	792,8467784	653,3269795	687,670175	738,2741589	820,16	774,8396902	
Bangladesh	BGD	GDP per capita (current US$)	NY.GDP.PCAP.CD	306,2687038	293,1604155	293,6449985	300,5557532	299,5330397	329,4240846	394,7174751	401,4986908	407,4291862	409,5431969	418,0689683	415,0344266	413,0802546	446,3106592	475,2919198	499,4619402	509,6401429	558,0518603	634,9870565	702,26441	781,1535936	861,7584443	883,1050005	981,8398792	1118,853663	1248,453398	1401,620466	1563,913857	1698,35	1855,739824	
Bulgaria	BGR	GDP per capita (current US$)	NY.GDP.PCAP.CD	2366,529821	1267,734375	1211,980878	1278,247173	1148,494399	2258,286018	1470,103703	1361,392386	1820,405094	1659,718346	1621,242961	1770,913534	2092,957694	2719,497656	3389,707049	3899,907638	4523,050833	5885,104348	7265,735497	6984,965976	6809,898984	7806,348652	7393,189177	7651,817881	7874,260904	7053,603706	7545,790332	8331,058025	9423,5	9737,601351	
Bahrain	BHR	GDP per capita (current US$)	NY.GDP.PCAP.CD	8528,983334	9055,679936	9082,758533	9698,189063	10130,50523	10376,9717	10544,70357	10672,16601	10076,22062	10401,54581	13636,39623	12868,26916	13049,80322	14222,0368	15846,54414	17959,25544	19307,60966	20976,54353	23066,53376	19355,90467	20722,13729	22514,23795	23654,35139	24744,29696	24989,40012	22688,9444	22619,11667	23709,43047	2399	23503,97713	
Belarus	BLR	GDP per capita (current US$)	NY.GDP.PCAP.CD	2124,840514	1765,744556	1667,681777	1590,095882	1460,059076	1370,676559	1452,445488	1396,501786	1511,770053	1210,61172	1276,288034	1244,373185	1479,314583	1819,766059	2378,623286	3125,810535	3847,434124	4735,657608	6377,369732	5351,355382	6029,3968	6519,230195	6940,159254	7978,872615	8318,51269	5949,106307	5022,626643	5761,74712	6330	6663,295293	
Bolivia	BOL	GDP per capita (current US$)	NY.GDP.PCAP.CD	709,0596725	762,0780331	788,1519898	784,1917393	801,0460297	880,992224	950,8565084	998,5153242	1049,499374	1003,392231	997,5824599	948,8712066	904,2266273	907,5371101	967,406992	1034,31124	1218,874459	1372,628225	1715,208922	1754,211061	1955,461557	2346,33717	2609,880819	2908,200085	3081,878834	3035,972215	3076,658949	3351,12404	3548,59	3552,068762	
Brazil	BRA	GDP per capita (current US$)	NY.GDP.PCAP.CD	3100,280468	3975,390089	2596,919876	2791,209124	3500,61149	4748,215529	5166,163745	5282,008828	5087,152221	3478,37273	3749,75325	3156,798718	2829,283192	3070,910491	3637,462389	4790,437088	5886,463588	7348,030794	8831,023117	8597,915352	11286,24302	13245,6125	12370,0242	12300,32488	12112,58821	8814,000987	8710,09669	9925,386238	9001,23	8717,186278	
Barbados	BRB	GDP per capita (current US$)	NY.GDP.PCAP.CD	7711,206799	7714,94894	7444,291442	7819,421834	8121,561919	8335,899293	8850,98017	9315,828618	10459,3648	10914,44367	11268,25406	11209,17431	11361,43367	11699,45576	12512,53251	13822,59168	15199,45797	16770,72121	17092,58214	15885,57971	16056,37098	16458,35321	16249,55939	16451,16358	16489,07224	16525,07325	16900,16655	17391,42587	17745,1	18148,24493	
Botswana	BWA	GDP per capita (current US$)	NY.GDP.PCAP.CD	2945,83204	2972,726711	3040,960404	2973,380401	2970,122568	3219,912051	3221,67621	3258,980312	3039,970731	3405,812598	3522,308678	3278,00825	3190,615453	4330,9449	5073,53765	5520,12472	5516,03921	5832,733942	5713,534983	5255,768461	6434,815657	7617,325094	7070,37655	7224,965172	7780,638385	6799,875234	7243,852997	7893,210108	8279,6	7961,33814	
Central African Republic	CAF	GDP per capita (current US$)	NY.GDP.PCAP.CD	513,305285	478,5029439	477,1223243	419,802566	271,5056708	346,1088406	304,6312597	276,4212702	278,3313409	280,908819	251,2068774	250,3570114	260,7455273	293,6618517	320,7374603	331,1629242	354,6713801	404,373965	464,5614221	474,7054087	488,4214018	551,7500966	565,800697	380,2981676	424,4487513	377,4230017	402,1912906	450,900245	475,953	467,9074406	
Canada	CAN	GDP per capita (current US$)	NY.GDP.PCAP.CD	21448,36196	21768,34329	20879,84833	20121,16125	19935,38146	20613,78788	21227,34753	21829,23344	20952,06946	22238,66454	24190,24962	23738,18072	24169,28473	28200,65808	32034,30774	36266,18712	40385,86996	44543,04104	46594,45095	40773,06153	47448,01322	52087,44638	52678,39012	52652,59368	50893,44671	43585,51198	42322,48478	45148,55271	46313,1	46194,72523	
Switzerland	CHE	GDP per capita (current US$)	NY.GDP.PCAP.CD	38428,3855	38399,21061	39534,542	38100,73673	41843,75688	48662,43977	46676,85094	40417,96228	41497,20261	40581,30705	37868,32306	38538,99005	41376,39399	48087,58314	53340,14766	54952,67372	57579,50195	63555,2375	72487,84593	69927,46877	74605,72102	88415,62806	83538,23008	85112,4644	86605,56338	82081,59712	80172,23207	80449,99456	82818,1	81993,72715	
Chile	CHL	GDP per capita (current US$)	NY.GDP.PCAP.CD	2494,525669	2803,56209	3350,213845	3535,1736	4024,216932	5107,276802	5349,804127	5745,373795	5446,580613	4957,777884	5074,901624	4574,594421	4446,250505	4772,56282	6194,853107	7598,525121	9464,550243	10502,35452	10751,47967	10208,90676	12808,03459	14637,24024	15351,55133	15842,94081	14670,99676	13574,17183	13753,59444	14999,37009	15924,7	14896,45387	
China	CHN	GDP per capita (current US$)	NY.GDP.PCAP.CD	317,884673	333,1421454	366,4606923	377,3898395	473,4922787	609,6566792	709,4137551	781,7441643	828,5804793	873,2870617	959,3724836	1053,108243	1148,50829	1288,643252	1508,668098	1753,417829	2099,229435	2693,969827	3468,304463	3832,235952	4550,453596	5618,132491	6316,918863	7050,64592	7678,599432	8066,942424	8147,938148	8879,438149	9976,67	10261,67913	
Cameroon	CMR	GDP per capita (current US$)	NY.GDP.PCAP.CD	946,6464131	1024,424135	911,7414218	1204,762973	801,1617038	709,1148297	752,5250994	755,2397068	720,7969746	740,9965643	649,9918454	651,1009075	707,8875674	865,9581375	1009,94312	1011,880073	1062,137433	1194,06985	1371,746708	1314,706015	1286,515572	1405,094392	1354,545613	1465,638843	1542,620266	1327,503017	1364,33011	1425,107818	1534,49	1497,909176	
Democratic Republic of the Congo	COD	GDP per capita (current US$)	NY.GDP.PCAP.CD	270,1305434	268,0564628	220,3718557	275,8219735	144,5950827	135,7371468	134,9819243	138,9740464	138,5863064	102,5979776	405,216253	153,5910092	175,0099651	173,7961353	194,0399624	218,3861908	255,4330838	286,3304921	327,5637218	298,6196821	334,0215726	387,0824654	424,6003861	457,9637283	486,7870819	497,3169608	471,3188404	467,0742375	557,064	545,2162123	
Congo	COG	GDP per capita (current US$)	NY.GDP.PCAP.CD	1187,551284	1124,901114	1178,023799	749,6348578	672,1631948	781,5235685	912,0139881	810,077492	660,4723724	774,7116899	1029,577037	868,3399509	912,2781532	1026,107674	1324,219142	1680,204588	2064,344523	2165,745759	2956,264407	2314,266025	2812,435974	3286,694535	3032,493883	3047,930773	2996,918026	1762,032018	1815,295843	1767,894521	2223,85	2011,072399	
Colombia	COL	GDP per capita (current US$)	NY.GDP.PCAP.CD	1445,328368	1456,693969	1697,112887	1893,54205	2284,838749	2539,912877	2620,538762	2827,379752	2566,02406	2209,93148	2520,480898	2439,681836	2396,627274	2281,40196	2782,62305	3414,465833	3741,093171	4714,072541	5472,536133	5193,241451	6336,709214	7335,11051	8050,058414	8218,033996	8114,084069	6175,876132	5871,223575	6377,851363	6718,58	6432,387583	
Comoros	COM	GDP per capita (current US$)	NY.GDP.PCAP.CD	1043,800803	1000,558651	1047,979551	1008,029494	690,4717309	838,171684	810,5442344	726,0552078	718,1170893	723,1850928	645,8186908	680,3185414	744,4751724	935,611518	1059,176884	1068,600321	1113,957757	1238,461514	1387,594626	1339,337191	1316,498848	1447,963587	1403,34862	1505,349473	1513,830379	1242,60319	1273,058953	1323,81159	1415,95	1393,522372	
Cabo Verde	CPV	GDP per capita (current US$)	NY.GDP.PCAP.CD	908,0961896	923,7416128	1003,946473	1339,744217	1080,162304	1261,116157	1269,120577	1213,599841	1265,194783	1408,999608	1259,323656	1292,202785	1401,903733	1809,089925	2024,275248	2099,157484	2361,385134	3186,826892	3721,250949	3517,401245	3378,25486	3740,389099	3447,524041	3615,979041	3588,674054	3043,013984	3130,963385	3292,645755	3617,32	3603,781794	
Costa Rica	CRI	GDP per capita (current US$)	NY.GDP.PCAP.CD	1831,001912	2238,853644	2595,022522	2828,130172	3016,224348	3247,316987	3198,548672	3375,166341	3579,865884	3653,552719	3772,870012	3944,737613	4024,6519	4129,632791	4385,390719	4654,824822	5201,514095	6071,789165	6859,079022	6760,477515	8141,913127	9121,932518	9913,209959	10490,08133	10547,15186	11299,13554	11666,45591	11814,62657	12112,1	12238,37496	
Cuba	CUB	GDP per capita (current US$)	NY.GDP.PCAP.CD	2703,168039	2278,20868	2057,103404	2073,094865	2624,756793	2794,737268	2286,927382	2308,146195	2331,465648	2558,904794	2747,098575	2837,738018	2999,245244	3197,133754	3395,71205	3786,664795	4683,566155	5208,716073	5411,271418	5529,67036	5730,354775	6139,71933	6497,321113	6837,712892	7133,342095	7694,01192	8060,795886	8541,210673	8821,81		
Cyprus	CYP	GDP per capita (current US$)	NY.GDP.PCAP.CD	9641,575273	9696,099593	11310,07192	10526,14177	11617,69278	15261,41056	15139,22613	14234,24438	15092,82625	15287,91913	14388,34806	14821,44682	16093,21461	20252,23898	23792,62136	24959,25917	26729,3234	31244,92622	35397,36368	32109,24251	31023,63833	32396,38574	28912,15694	27729,1927	27129,62612	23333,71491	24532,51906	26338,69434	28689,7	27858,371	
Czech Republic	CZE	GDP per capita (current US$)	NY.GDP.PCAP.CD	3917,15984	2878,719283	3352,034161	3931,744463	4601,952312	5788,150737	6493,863346	5996,83381	6458,904501	6307,698004	6011,61522	6609,20553	8032,896612	9773,117503	11685,88724	13346,17639	15183,63605	18373,649	22698,85396	19741,59763	19808,07109	21717,45794	19729,87051	19916,01939	19744,55861	17715,61685	18463,38658	20379,89604	23046,9	23101,7777	
Germany	DEU	GDP per capita (current US$)	NY.GDP.PCAP.CD	22303,96133	23357,75773	26438,23039	25522,62957	27076,60675	31658,34938	30485,86655	26964,04947	27289,05936	26725,91522	23635,92922	23607,88286	25077,72908	30243,57653	34044,05363	34507,36881	36323,44774	41587,2129	45427,15168	41485,90165	41531,9342	46644,77603	43858,36306	46285,76407	47959,99327	41139,54457	42098,92045	44349,58966	47639	46258,87829	
Djibouti	DJI	GDP per capita (current US$)	NY.GDP.PCAP.CD	766,1409545	762,0113217	777,2623296	753,5201889	790,0322652	789,5517691	767,500315	760,6350212	755,7616936	765,856135	768,1760767	780,9082226	791,3894782	818,8666298	863,2316123	904,7297489	967,6686229	1052,725652	1223,856861	1267,312801	1343,26873	1451,54298	1559,240651	2312,728803	2464,327841	2658,978753	2802,197051	2914,383856	3141,88	3408,846254	
Denmark	DNK	GDP per capita (current US$)	NY.GDP.PCAP.CD	26891,44645	27011,37746	29569,66036	27597,97523	29995,57962	35351,36546	35650,71409	32835,93994	33368,14242	33440,79481	30743,54768	30751,65435	33228,69354	40458,7774	46511,59833	48799,8256	52026,99951	58487,05497	64322,0635	58163,27688	58041,39844	61753,64713	58507,50805	61191,1937	62548,98473	53254,856	54663,99837	57141,05984	61390,6	59822,09296	
Dominican Republic	DOM	GDP per capita (current US$)	NY.GDP.PCAP.CD	991,6144241	1338,896045	1532,903224	1733,400455	1908,484754	2122,797666	2293,755247	2476,11344	2638,34948	2653,344012	2869,105861	2977,148428	3136,155187	2445,435893	2528,577199	3970,32284	4134,683785	4707,792532	5087,985365	5039,402596	5555,389722	5913,432072	6110,369652	6238,133608	6608,828102	6921,517228	7280,880109	7609,338799	8050,63	8282,116222	
Algeria	DZA	GDP per capita (current US$)	NY.GDP.PCAP.CD	2408,688815	1731,611274	1776,036674	1807,328548	1507,865318	1452,269445	1603,937921	1619,806224	1596,003714	1588,347503	1764,97383	1740,642423	1781,837365	2103,413058	2609,945608	3113,101094	3478,654871	3950,519369	4923,629265	3883,261271	4480,799271	5455,853529	5592,257099	5499,581487	5493,02559	4177,892515	3946,443977	4044,2766	4114,71	3948,343279	
Ecuador	ECU	GDP per capita (current US$)	NY.GDP.PCAP.CD	1489,529509	1622,208243	1688,505067	1727,754058	2026,112715	2132,906969	2155,517229	2356,370843	2293,889735	1578,933536	1445,279324	1894,615169	2172,101877	2425,851842	2691,278081	3002,136867	3328,882972	3567,836438	4249,019262	4231,615798	4633,590358	5200,55579	5682,045007	6056,330827	6377,09153	6124,491643	6060,093329	6213,501276	6295,93	6183,823825	
Egypt	EGY	GDP per capita (current US$)	NY.GDP.PCAP.CD	765,6420464	651,0775817	713,4525239	777,8577091	849,4524991	965,11073	1063,333095	1208,719901	1281,39672	1343,551963	1450,476242	1391,707846	1228,937975	1138,664673	1063,003663	1187,51969	1398,190624	1667,843721	2044,527855	2329,23948	2644,817039	2791,954962	3232,648892	3264,378787	3378,831358	3598,970948	3525,020165	2440,510173	2549,13	3020,03135	
Estonia	EST	GDP per capita (current US$)	NY.GDP.PCAP.CD				2681,820122	2814,834734	3130,807094	3376,794373	3678,158264	4087,503306	4144,630817	4075,970639	4509,17846	5344,877798	7206,16648	8912,992195	10406,39688	12631,56777	16741,93912	18227,12008	14794,97079	14790,82122	17621,54744	17534,42154	19174,10073	20367,10266	17522,23019	18237,29584	20388,20955	23258,4	23659,87229	
Finland	FIN	GDP per capita (current US$)	NY.GDP.PCAP.CD	28364,64508	25484,73929	22319,05946	17608,81239	20301,33309	26271,59981	25783,45049	24691,87281	26009,26949	26177,34798	24285,46682	24946,18919	26869,6749	32855,13263	37702,84538	39040,28888	41188,0937	48414,84509	53554,03892	47293,99283	46459,97325	51081,99767	47710,79022	49878,04324	50260,29986	42784,69836	43784,28396	46316,74546	50021,2	48685,85399	
France	FRA	GDP per capita (current US$)	NY.GDP.PCAP.CD	21793,84265	21675,06425	23813,71184	22380,10396	23496,52332	26890,21988	26871,82902	24228,94235	24974,2722	24673,19897	22364,02939	22433,55571	24177,33517	29568,38595	33741,26515	34760,18777	36443,62344	41508,43399	45334,11444	41575,41875	40638,334	43790,73205	40874,70351	42592,93409	43011,2631	36638,18493	37037,37419	38812,16103	41631	40493,92857	
Gabon	GAB	GDP per capita (current US$)	NY.GDP.PCAP.CD	6268,95102	5537,009721	5578,005173	4252,028186	3963,868049	4570,592367	5116,146059	4667,168585	3831,780668	3888,898927	4125,716664	3989,556606	4121,958645	4922,376526	5729,296958	6888,627147	7214,914544	8447,078591	10212,81943	7690,052235	8849,3553	10809,64645	9813,477703	9683,57629	9663,42924	7384,71587	6984,451019	7230,396393	7956,62	7667,366861	
United Kingdom	GBR	GDP per capita (current US$)	NY.GDP.PCAP.CD	19095,467	19900,72665	20487,17079	18389,01957	19709,2381	23123,17779	24332,69777	26734,56261	28214,27436	28669,53969	28149,87001	27744,50646	30056,58622	34419,14791	40290,31397	42030,28661	44599,69757	50566,8266	47286,99849	38713,13743	39435,8399	42038,57225	42462,77157	43444,533	47425,60768	44974,83188	41064,13343	40361,41738	43043	42300,26713	
Georgia	GEO	GDP per capita (current US$)	NY.GDP.PCAP.CD	1614,640122	1314,67067	757,2235485	550,0155426	519,8161871	578,3367633	689,0344137	807,0322858	851,5157446	673,5378927	749,9085236	801,9904139	853,5164537	1010,00798	1305,047486	1642,760938	1996,057129	2635,353882	3324,735879	2822,66743	3233,295943	4021,743306	4421,818242	4623,745725	4739,188338	4014,185944	4062,169888	4357,000936	4722,78	4769,186543	
Ghana	GHA	GDP per capita (current US$)	NY.GDP.PCAP.CD	398,6370001	433,7730651	409,7466254	370,4192479	328,7445864	379,9880073	397,1359369	384,7961564	407,5233036	410,3342297	258,4709595	269,0149984	304,5645608	367,8215216	417,5081649	491,9463779	911,9986756	1078,160509	1210,622257	1074,75538	1299,344949	1549,462902	1587,561237	2345,392906	1971,033347	1743,850996	1931,38947	2025,932424	2202,31	2202,115567	
Guinea	GIN	GDP per capita (current US$)	NY.GDP.PCAP.CD	419,7886298	461,3494585	489,071872	475,4218352	477,7804689	508,1078294	518,3742332	493,8334004	456,4910353	429,719768	363,482479	336,6300919	343,5373419	393,7399293	410,7612161	322,4156816	453,4035185	659,992723	715,0968204	674,0855502	672,4244026	651,1353635	717,0507379	769,0039433	787,2380702	769,2560137	732,9665707	856,5652698	983,309	1064,131237	
Gambia	GMB	GDP per capita (current US$)	NY.GDP.PCAP.CD	331,8184348	695,4095874	695,1560481	711,7255101	682,2185213	696,4508185	728,6690719	669,3988656	678,6756302	637,9315702	594,151643	505,4201497	411,7724804	335,906217	642,7549298	665,7219407	662,362461	780,3800991	924,5115164	833,2804027	860,6378737	762,7610541	742,7811378	700,514972	607,4284041	649,5108294	683,9976539	676,6559246	712,512	751,2946884	
Guinea Bissau	GNB	GDP per capita (current US$)	NY.GDP.PCAP.CD	250,1504679	257,7891756	221,7998175	227,0228102	220,9602169	233,2424019	243,4387342	237,1290304	178,8485197	190,6726301	308,1441193	319,6774918	331,4938718	371,2198274	404,3491366	436,3020197	429,6222659	493,0704969	597,5763927	557,1716148	557,6321326	702,7428804	616,4116862	634,482446	622,4817167	603,1585129	661,0076549	736,7255662	777,969	697,7844029	
Equatorial Guinea	GNQ	GDP per capita (current US$)	NY.GDP.PCAP.CD	267,4680729	256,2210082	301,1791291	294,0705049	210,4099825	285,5525482	450,63814	824,5495461	663,729505	1067,634779	1725,554738	2313,151289	2744,208156	3618,576094	6152,131238	10963,28936	12857,33605	15908,39183	22942,58345	16667,93682	17288,8596	21641,87052	21711,15323	20390,71932	19394,02999	11283,46561	9250,331953	9667,912252	10144,1	8131,923888	
Greece	GRC	GDP per capita (current US$)	NY.GDP.PCAP.CD	9600,18513	10188,36978	11176,45844	10401,98299	11091,28386	12959,32432	13749,11515	13427,83249	13472,13764	13245,18946	12042,95373	12538,17883	14110,31339	18477,57841	21955,10409	22551,73574	24801,15781	28827,32636	31997,28201	29710,9703	26917,75898	25916,29353	22242,68193	21874,8195	21760,9798	18167,77372	18116,45962	18930,21859	20324,3	19582,53601	
Guatemala	GTM	GDP per capita (current US$)	NY.GDP.PCAP.CD	845,3069621	1011,754966	1093,962908	1164,374025	1293,470198	1424,682543	1487,607658	1649,001602	1755,849582	1619,510736	1664,298958	1575,428557	1710,341468	1765,351677	1889,691824	2101,541818	2287,935715	2531,20608	2848,50316	2695,221264	2898,942215	3281,667502	3408,784916	3522,773698	3779,642328	3994,636913	4173,301666	4451,45099	4472,89	4619,987097	
Guyana	GUY	GDP per capita (current US$)	NY.GDP.PCAP.CD	533,5362054	468,1601974	499,0277096	602,1414776	712,7128542	816,5429329	927,1958956	988,3478364	951,9124771	926,7428086	954,4041525	955,6653806	974,9491933	997,2100346	1056,423886	1105,496454	1954,133308	2331,200342	2566,887085	2756,819889	3033,247725	3425,436441	3788,146749	3934,865262	4031,600662	4166,128516	4542,622067	4586,054572	4979	5468,356629	
Hong Kong	HKG	GDP per capita (current US$)	NY.GDP.PCAP.CD	13485,54489	15465,85886	17976,42938	20395,51737	22502,57974	23497,49231	24818,15455	27330,03335	25808,97095	25091,6666	25756,66378	25230,21633	24665,89	23977,01945	24928,10037	26649,7508	28224,21506	30594,01784	31515,66277	30697,34038	32549,99823	35142,48793	36730,8767	38403,77771	40315,28556	42431,88828	43731,10682	46165,85651	48542	48755,83508	
Honduras	HND	GDP per capita (current US$)	NY.GDP.PCAP.CD	993,4830527	911,7555181	942,612765	913,3023086	836,6037387	936,6669981	887,6933678	948,955555	1023,460569	1002,715198	1080,462129	1120,552212	1122,063942	1145,497561	1204,476619	1296,695959	1420,136121	1572,065504	1727,827701	1789,706651	1904,346465	2088,3153	2144,342611	2102,593166	2206,051934	2302,201379	2342,584651	2453,727896	2505,7	2574,912191	
Croatia	HRV	GDP per capita (current US$)	NY.GDP.PCAP.CD						4852,222226	5202,918817	5260,251413	5619,200373	5185,584437	4849,534223	5391,091591	6233,053682	8060,257162	9662,775968	10530,21991	11703,33789	13962,84757	16309,43901	14555,99645	13923,62858	14566,63847	13238,10193	13642,19366	13600,19439	11782,89908	12360,48382	13412,33829	14920,1	14853,23984	
Haiti	HTI	GDP per capita (current US$)	NY.GDP.PCAP.CD	439,944063	483,873905	308,3713132	251,752719	285,1187788	363,2658259	368,6322377	415,7704833	455,5418961	499,3037489	467,1475588	417,762646	396,6338208	332,6147785	391,0346157	468,7572696	508,9688066	619,8127742	678,8447898	672,0369979	665,6274195	744,2174268	769,749381	815,8200152	831,8739489	815,7282844	735,3017703	765,7272943	868,342	754,5879177	
Hungary	HUN	GDP per capita (current US$)	NY.GDP.PCAP.CD		3350,258323	3735,10582	3873,987723	4173,373024	4494,707624	4525,039103	4596,182622	4744,212264	4793,478522	4624,281657	5276,033189	6655,333009	8421,103313	10285,79363	11200,57695	11475,82271	13918,96019	15753,47328	13046,48101	13113,52596	14150,96673	12918,24752	13687,2461	14246,1098	12651,56834	12992,37567	14457,60876	16150,7	16475,74184	
Indonesia	IDN	GDP per capita (current US$)	NY.GDP.PCAP.CD	585,07655	631,7828373	681,9383856	827,9053053	912,2032751	1026,39342	1137,410118	1063,712365	463,9481695	671,0986161	780,190201	748,2576157	900,1775757	1065,648539	1150,261315	1263,287321	1589,801489	1860,002763	2166,854167	2261,247224	3122,362815	3643,043936	3694,348946	3623,911582	3491,624791	3331,695128	3562,845756	3837,651731	3893,84	4135,569263	
India	IND	GDP per capita (current US$)	NY.GDP.PCAP.CD	367,5566093	303,0556053	316,9539279	301,1590042	346,1029503	373,76648	399,9500768	415,493797	413,2989342	441,9987596	443,3141934	451,5730011	470,9867859	546,7266145	627,7742473	714,8610135	806,7532806	1028,334771	998,522339	1101,96084	1357,563719	1458,103527	1443,879529	1449,605912	1573,881492	1605,605434	1732,564262	1981,65105	2005,86	2104,1459	
Ireland	IRL	GDP per capita (current US$)	NY.GDP.PCAP.CD	14048,1062	14104,07829	15733,20398	14674,61457	15921,97484	19181,40045	20860,59699	22542,81077	24263,2448	26284,34198	26241,36461	28227,72753	32541,0986	41106,92527	47631,01066	50878,22361	54306,42932	61359,74138	61262,10056	52105,15248	48715,17686	51848,90973	48917,89756	51590,18845	55492,98268	61995,42278	63197,08237	69822,34718	78621,2	78660,95646	
Iraq	IRQ	GDP per capita (current US$)	NY.GDP.PCAP.CD	10326,92166														1391,963489	1855,522004	2373,214785	3182,947982	4636,610978	3853,940935	4657,280426	6045,495551	6836,027313	7076,554608	6818,804621	4989,803075	4776,726499	5205,288255	5834,16	5955,10901	
Iceland	ISL	GDP per capita (current US$)	NY.GDP.PCAP.CD	25423,07201	26843,2781	27165,04602	23615,239	24054,73467	26673,62532	27659,87612	27960,92244	30995,02968	32343,99159	32018,06368	28793,96075	32326,63824	39423,92801	47367,27817	56658,59267	56673,60244	69054,27079	56409,7731	41333,41853	43024,92349	47516,87469	45910,02055	49522,23659	54241,93466	52564,42919	61466,80397	71310,93925	72968,7	66944,82551	
Israel	ISR	GDP per capita (current US$)	NY.GDP.PCAP.CD	12663,36365	13650,84118	14758,34609	14443,24297	15992,3424	18103,66252	19324,63936	19652,60744	19415,98507	19120,25065	21043,57493	20306,93224	18435,89476	18979,32345	19896,81774	20566,64549	21837,37849	24924,33095	29567,80388	27715,63681	30693,59308	33669,24647	32511,23785	36309,46883	37678,88977	35776,79517	37321,62404	40541,86209	41719,7	43641,39774	
Italy	ITA	GDP per capita (current US$)	NY.GDP.PCAP.CD	20825,78421	21956,52976	23243,47454	18738,7639	19337,63091	20664,55227	23081,60468	21829,34582	22318,1373	21997,62432	20087,59199	20483,21599	22270,14412	27465,6753	31259,7165	32043,14037	33501,65817	37822,66524	40778,34274	37079,75867	36000,52012	38599,06221	35053,52624	35549,9747	35518,41529	30230,2263	30939,71425	32406,72032	34520	33189,5658	
Jamaica	JAM	GDP per capita (current US$)	NY.GDP.PCAP.CD	1897,686963	1668,98801	1434,710462	2175,456373	2159,841372	2580,736386	2879,658193	3241,234407	3359,005841	3362,200664	3384,694861	3431,416469	3599,973172	3469,151565	3725,109093	4089,198442	4321,043327	4633,944386	4917,718398	4316,231053	4704,054455	5111,471413	5209,851931	4989,171391	4833,790318	4907,50372	4843,338474	5069,183838	5354,2	5582,263778	
Jordan	JOR	GDP per capita (current US$)	NY.GDP.PCAP.CD	1166,610276	1155,233314	1355,237043	1353,257159	1434,445698	1486,646886	1484,136866	1515,419597	1622,855464	1642,351331	1674,825261	1744,463602	1827,335753	1902,589902	2073,641321	2214,017817	2548,268658	2773,740242	3398,151722	3504,00246	3690,113268	3816,279258	3877,339345	3998,027473	4072,765475	4105,448961	4103,7336	4162,820687	4241,78	4330,329346	
Japan	JPN	GDP per capita (current US$)	NY.GDP.PCAP.CD	25359,34702	28925,04158	31464,54905	35765,91409	39268,56687	43440,36787	38436,92631	35021,71909	31902,7671	36026,55608	38532,04088	33846,46564	32289,35054	34808,39092	37688,72234	37217,64873	35433,98896	35275,22843	39339,29757	40855,17564	44507,67639	48167,99727	48603,47665	40454,44746	38109,41211	34524,46986	38761,81815	38386,51115	39159,4	40246,88013	
Kenya	KEN	GDP per capita (current US$)	NY.GDP.PCAP.CD	361,3281889	332,4189598	324,1374038	220,0697268	265,2322565	325,7789408	421,3392708	445,8772703	465,909801	414,6793898	397,4826588	395,3295318	389,542711	429,7878437	451,6687159	511,6164222	685,9545322	825,6665976	902,0700258	905,1317861	951,6879611	971,633329	1136,871406	1210,388014	1315,804535	1336,883349	1410,527568	1572,335496	1707,98	1816,546916	
Kyrgyztan	KGZ	GDP per capita (current US$)	NY.GDP.PCAP.CD	609,1728912	575,6439745	513,0359437	449,0657902	372,30781	364,2264974	394,8601215	376,4296133	345,1381316	258,0492288	279,6195693	308,4096116	321,7270332	380,5064324	433,2349766	476,55213	543,1107024	721,7686908	966,3936272	871,2243893	880,0377751	1123,883168	1177,974735	1282,437162	1279,769783	1121,082835	1120,666513	1242,769643	1308,14	1309,392992	
Cambodia	KHM	GDP per capita (current US$)	NY.GDP.PCAP.CD				254,1164819	270,5429925	322,9317876	319,2863717	304,764607	268,9904186	295,9033277	302,5771636	321,1503013	338,9872627	362,3357077	408,5138263	474,1112278	539,7501687	631,5248421	745,6091807	738,0547836	785,5022829	882,2754926	950,880346	1013,420401	1093,496191	1162,90492	1269,591257	1385,25998	1512,12	1643,121389	
Souh Korea	KOR	GDP per capita (current US$)	NY.GDP.PCAP.CD	6610,036508	7636,982429	8126,67039	8884,928319	10385,33617	12564,77813	13403,04959	12398,48003	8281,699982	10672,41793	12256,99357	11561,24837	13165,06574	14672,85747	16496,12009	19402,50263	21743,47745	24086,41044	21350,42798	19143,85161	23087,22564	25096,26388	25466,76052	27182,73431	29249,57522	28732,23108	29288,87044	31616,8434	33340	31761,97769	
Kuwait	KWT	GDP per capita (current US$)	NY.GDP.PCAP.CD	8794,631229	5419,590831				16932,1483	19358,38244	17748,8598	14166,1796	15435,17859	18440,37852	16587,17767	17846,32606	22148,37815	27011,72765	35591,00578	42781,3665	45782,27656	55494,95099	37561,67267	38577,49828	48631,6913	51979,10517	49388,13741	44062,31704	29869,52939	27653,06677	29759,43649	33994,3	32031,9801	
Laos	LAO	GDP per capita (current US$)	NY.GDP.PCAP.CD	203,2559698	234,7642311	250,6042183	287,3949673	325,9410612	363,8796019	378,4281472	345,9213648	248,8390431	277,8098415	325,1869982	326,9419076	320,0615179	362,8214135	417,9285042	475,6107135	590,6327074	710,344815	900,3236718	948,6539323	1140,599205	1378,361365	1581,395403	1825,665113	1998,335215	2134,711796	2308,800482	2423,846203	2542,4	2534,898277	
Lebanon	LBN	GDP per capita (current US$)	NY.GDP.PCAP.CD	1012,643881	1605,368607	1899,651628	2446,529954	2820,487845	3321,296325	3791,605517	4305,642946	4669,577803	4640,379461	4491,637259	4422,387076	4579,459593	4576,390746	4630,789572	4575,105512	4626,859808	5207,796	6111,332411	7354,953605	7761,646191	7674,83535	7950,695378	7931,080476	7686,25603	7644,548657	7629,891117	7801,178658	8024,8	7784,316857	
Liberia	LBR	GDP per capita (current US$)	NY.GDP.PCAP.CD											306,8328947	306,7103554	306,473737	243,0893405	286,0649989	294,8930368	336,1156743	396,6017613	478,3999379	470,9476196	513,4456986	596,8970811	657,9362563	721,9300554	721,1827948	710,3838577	714,6233922	698,7017644	677,322	621,8929536	
Libya	LBY	GDP per capita (current US$)	NY.GDP.PCAP.CD	6514,321504	7040,780942	7284,934382	6447,144638	5892,617612	5161,683342	5536,868265	5998,16161	5243,590481	6819,033114	7142,774452	6266,490972	3703,048308	4673,143913	5800,597969	8163,010778	9336,35667	11300,19134	14382,57629	10275,26656	12064,78069	5554,179164	13025,28139	10363,78949	6466,91027	4337,919139	4035,194316	5756,69845	7877,12	7683,750611	
Sri Lanka	LKA	GDP per capita (current US$)	NY.GDP.PCAP.CD	463,6186318	513,2585353	547,0547194	576,7800126	647,5790491	714,2334273	756,6570729	817,064349	850,8114206	838,8838674	869,6965166	832,8034402	867,4912137	982,1956459	1065,784437	1248,698185	1435,817177	1630,388906	2037,322103	2090,401826	2799,648876	3200,833829	3350,521876	3610,289363	3819,25353	3843,780672	3886,291502	4077,043721	4080,56	3853,083693	
Lesotho	LSO	GDP per capita (current US$)	NY.GDP.PCAP.CD	350,0608392	404,1970899	466,2744404	458,5535585	471,8417914	527,6998379	489,1318193	507,1004656	464,8063925	451,9271579	436,488352	405,6053137	382,1901735	573,6537676	753,3807868	842,8130532	904,6034022	863,7796315	884,9626748	890,9963833	1137,275702	1308,690066	1253,696202	1193,713257	1223,333032	1152,139827	1043,569792	1150,079173	1221,88	1157,535164	
Lithuania	LTU	GDP per capita (current US$)	NY.GDP.PCAP.CD						2168,796099	2328,153808	2830,737533	3166,895648	3113,546428	3297,354701	3530,147337	4146,987928	5505,535669	6706,966998	7863,162009	9240,642548	12297,91535	14961,56818	11837,39103	11957,08421	14354,18838	14339,28787	15702,14306	16548,40641	14249,11497	14999,47964	16882,63947	19080,6	19455,45413	
Luxembourg	LUX	GDP per capita (current US$)	NY.GDP.PCAP.CD	34645,14324	37007,43875	40965,74432	41479,0872	45481,8922	52831,25237	52571,93499	47042,34711	47584,46439	51654,4028	48735,99549	48179,42085	52930,64115	65445,88503	75716,35108	80289,69641	89739,7117	106018,4928	114293,8433	103198,6693	104965,3061	115761,5077	106749,0136	113625,1329	118823,6484	101376,4966	104278,391	107627,151	11665,4	114704,5942	
Latvia	LVA	GDP per capita (current US$)	NY.GDP.PCAP.CD						2322,08701	2422,250575	2675,244828	2965,073007	3144,991127	3351,230706	3566,171119	4125,210034	5127,593575	6343,143526	7552,873894	9663,373451	14042,46242	16376,99836	12257,21657	11348,40623	13832,39118	13850,64282	15041,17446	15740,32675	13698,93795	14153,41492	15586,58189	17805,2	17836,36489	
Morocco	MAR	GDP per capita (current US$)	NY.GDP.PCAP.CD	1206,011838	1266,849441	1299,421679	1199,319377	1326,941304	1432,310151	1561,129441	1396,769917	1472,38562	1447,968739	1334,943051	1339,293577	1416,488158	1725,458038	1952,90183	2018,025743	2196,01219	2499,259938	2890,360083	2866,924199	2839,925168	3046,949136	2912,658275	3121,681176	3171,699192	2875,257985	2896,720003	3036,325255	3222,2	3204,095003	
Moldova	MDA	GDP per capita (current US$)	NY.GDP.PCAP.CD						593,7661383	575,319576	657,4911903	578,9097663	399,6207703	440,6720307	507,5576584	570,9726454	682,5255088	897,4499588	1034,707058	1183,379211	1531,685476	2111,201495	1899,010117	2437,529978	2942,255949	3045,739874	3322,038436	3328,801449	2732,457113	2880,439281	3509,69345	4233,99	4498,52085	
Madagascar	MDG	GDP per capita (current US$)	NY.GDP.PCAP.CD	338,9481218	272,5246909	301,9970357	320,5642177	269,5607325	284,8227921	354,7415607	297,115184	297,2536718	279,9213415	293,6071574	334,4416383	319,216474	368,7971942	284,4876464	319,5374402	338,7511265	438,6552901	536,3514595	467,5397549	471,959197	531,2655718	518,1529543	541,0662	530,8613457	467,2353994	475,9554172	515,2927249	527,501	522,2198092	
Maldives	MDV	GDP per capita (current US$)	NY.GDP.PCAP.CD	963,8417858	1064,057578	1205,651953	1328,606757	1431,623341	1569,963504	1737,700111	1926,24223	2011,869392	2154,228846	2234,579866	3039,334623	3049,197616	3475,983305	3941,431136	3639,966576	4809,963115	5574,451876	6614,159147	6636,412416	7076,662423	7291,42764	7265,613656	7928,457365	8499,365762	9033,390413	9209,288625	9540,634349	10330	10790,50024	
Mexico	MEX	GDP per capita (current US$)	NY.GDP.PCAP.CD	3112,268706	3661,947879	4170,623287	5650,026286	5854,417857	3928,223926	4412,116345	5289,167988	5481,181497	6157,192475	7157,8145	7544,568648	7593,137793	7075,369643	7484,486542	8277,671251	9068,294387	9642,680605	10016,5713	8002,972106	9271,398233	10203,42085	10241,72792	10725,18332	10922,37605	9605,952351	8739,756043	9278,418168	9673,44	9863,072699	
North Macedonia	MKD	GDP per capita (current US$)	NY.GDP.PCAP.CD	2354,263462	2477,685524	1225,373149	1352,025726	1794,709897	2359,800338	2338,068311	1964,882893	1866,85009	1908,592601	1854,145956	1815,920091	1961,203736	2408,80011	2762,560358	3037,75311	3325,635809	4036,20277	4793,443669	4544,008835	4542,899717	5063,786986	4698,141294	5210,67583	5468,480869	4840,273123	5129,15896	5430,87421	6062,94	6093,14769	
Mali	MLI	GDP per capita (current US$)	NY.GDP.PCAP.CD	317,3893069	315,4563173	319,8380297	310,1382515	223,018023	282,341255	282,6330008	267,1891588	281,8726309	323,1686388	269,8711377	307,4369205	334,8365206	392,524759	440,1684418	489,021069	523,0386031	596,6901888	694,2776501	698,8989219	710,2742022	837,6034406	778,6192858	805,032838	848,302758	751,4786686	780,38787	830,5574088	900,11	890,7372855	
Montenegro	MNE	GDP per capita (current US$)	NY.GDP.PCAP.CD											1627,072633	1909,598702	2106,635068	2789,159065	3380,165121	3674,617924	4425,678873	5976,394145	7367,751909	6727,107767	6682,281158	7318,74469	6586,721279	7189,293287	7388,147794	6517,163752	7033,604899	7803,411137	8850,09	8832,036836	
Mongolia	MNG	GDP per capita (current US$)	NY.GDP.PCAP.CD	1172,443066	1072,636319	587,3032317	339,5220871	405,9748378	631,92009	580,9108441	505,5944739	477,3347341	444,9951451	474,2168965	524,0553079	571,5926395	646,1932563	797,9786853	998,8313648	1334,211681	1632,726952	2136,563214	1714,360545	2643,292914	3757,558633	4351,88692	4366,075901	4158,525715	3918,579174	3660,150746	3669,41754	4134,98	4295,235025	
Mozambique	MOZ	GDP per capita (current US$)	NY.GDP.PCAP.CD		277,9342798	191,5821534	190,552061	186,8485304	187,357741	260,857255	303,5116338	333,8426027	341,4809152	313,5680341	291,467739	299,6830541	323,5225887	381,1565927	415,348291	434,0340288	480,9335201	564,4794877	519,7604047	471,1816926	594,5864667	657,6453378	664,0782118	673,9699555	589,8590281	428,926488	461,4150941	498,957	491,8047231	
Mauritania	MRT	GDP per capita (current US$)	NY.GDP.PCAP.CD	740,7365354	1021,926919	1010,103031	840,2655098	862,275752	904,0907235	898,5127833	851,426927	814,1706614	775,2717114	676,5676584	646,116311	639,6671224	717,9003701	803,7776421	970,8436448	1288,144297	1351,456842	1558,889743	1392,464144	1610,923908	1879,771427	1815,219429	1892,095487	1677,108166	1524,072883	1536,85415	1578,114174	1600,87	1677,919253	
Mauritius	MUS	GDP per capita (current US$)	NY.GDP.PCAP.CD	2506,179312	2669,3277	2973,206977	2973,797821	3197,331024	3599,555202	3899,435192	3646,630626	3593,234081	3695,934909	3929,075495	3856,625227	4018,948897	4793,718179	5388,065784	5282,906022	5695,969327	6574,654338	8030,063005	7318,12641	8000,376432	9197,026972	9291,227619	9637,00265	10153,93822	9260,447303	9681,618567	10484,90836	11208,2	11203,54058	
Malawi	MWI	GDP per capita (current US$)	NY.GDP.PCAP.CD	199,9863423	229,527539	185,7858866	213,2406131	121,2641276	141,9543906	227,5847702	259,4504941	165,8953935	163,6142468	156,3857186	150,1489558	298,4333849	267,3990565	282,5670846	289,5551689	308,1634757	332,2591444	387,6059753	438,2120429	478,6685897	534,9512647	391,5618324	348,4302696	371,2697496	380,5970331	315,7773264	356,7175732	381,258	411,5523404	
Malaysia	MYS	GDP per capita (current US$)	NY.GDP.PCAP.CD	2441,741991	2653,526742	3113,646333	3433,163316	3728,111974	4329,707364	4798,61314	4637,865016	3263,33385	3492,669354	4043,662051	3913,428726	4165,726104	4461,847687	4952,212975	5587,02565	6209,124508	7243,455987	8474,586829	7292,494447	9040,566251	10399,37275	10817,44287	10970,12328	11319,07976	9955,242127	9817,740861	10254,23402	11373,2	11414,83766	
Namibia	NAM	GDP per capita (current US$)	NY.GDP.PCAP.CD	1944,137621	2027,008113	2257,632393	2069,624996	2284,580811	2421,87049	2371,884669	2416,11979	2209,772147	2165,113225	2136,440243	1906,292604	1769,17591	2560,774036	3396,911932	3674,002201	3974,522425	4356,244512	4153,247938	4265,258745	5318,00694	5723,32549	5942,273788	5377,727327	5435,171911	4869,378406	4523,09127	5303,309133	5495,42	4957,458006	
Niger	NER	GDP per capita (current US$)	NY.GDP.PCAP.CD	440,577479	399,2315373	398,1894125	251,1510753	212,3898806	243,7814238	245,9800036	225,7007984	248,9209554	230,6392969	197,5244629	208,0676622	227,1362787	267,8532881	285,0950907	321,0898362	335,3414379	387,7808911	473,4146716	459,4241732	473,2998775	508,3965681	526,3509656	548,8929548	562,1218446	483,3392822	494,7187135	516,8882472	571,526	554,6009687	
Nigeria	NGA	GDP per capita (current US$)	NY.GDP.PCAP.CD	567,5286729	502,9141389	477,1776142	270,2239615	321,3206772	408,18106	461,5195779	479,9837556	469,4305648	497,8415405	567,930736	590,381815	741,7475112	795,3862467	1007,874328	1268,383443	1656,424759	1883,461311	2242,871886	1891,33537	2292,445156	2520,404166	2746,991789	2998,072843	3222,693537	2730,430324	2175,99967	1968,559588	2032,72	2229,858696	
Nicaragua	NIC	GDP per capita (current US$)	NY.GDP.PCAP.CD	241,87647	348,8647688	410,7675726	393,6034575	847,3744318	890,0054491	908,6325065	909,3359271	943,9218956	972,8869884	1007,501429	1034,551588	1000,935948	1005,732473	1080,268112	1162,290113	1226,642974	1327,959699	1499,258678	1444,372527	1503,870423	1655,801824	1760,454387	1811,639193	1934,069508	2049,84969	2107,56718	2159,163079	2020,54	1912,903745	
Netherlands	NLD	GDP per capita (current US$)	NY.GDP.PCAP.CD	21290,86038	21732,2308	23904,03739	23122,41079	24646,3143	29258,13435	29006,80945	26700,53713	27885,80838	28263,09671	26149,41108	26873,27593	29204,03983	35672,2066	40362,39478	41979,05585	44863,35063	51733,44213	57644,47997	52514,02712	50950,03434	54159,34661	50073,00566	52184,06185	52830,17423	45175,23189	46007,85292	48675,22234	53048	52447,83144	
Norway	NOR	GDP per capita (current US$)	NY.GDP.PCAP.CD	28242,94374	28596,933	30523,98506	27963,66522	29315,84191	34875,70433	37321,9742	36629,0309	34788,35985	36371,05095	38131,46061	38542,7151	43084,47247	50134,89077	57603,83602	66810,47852	74148,32008	85139,96045	96944,09561	79977,69708	87693,79007	100600,5624	101524,1419	102913,4508	97019,18275	74355,51586	70459,1825	75496,75406	81734,4	75419,63487	
Nepal	NPL	GDP per capita (current US$)	NY.GDP.PCAP.CD	191,8789042	202,08061	170,5866683	178,6259703	193,279505	203,980809	204,6857552	217,787953	210,6114878	214,106767	229,4902871	246,725629	244,7208237	252,4024323	286,1575938	315,80563	346,9452514	391,3801314	470,4555473	478,1731816	592,4010975	699,4293377	698,4664794	715,923743	743,4133813	792,5528906	777,1475955	911,4442665	1038,65	1071,050761	
New Zealand	NZL	GDP per capita (current US$)	NY.GDP.PCAP.CD	13663,02162	12230,07345	11793,13924	13094,34545	15280,31278	17400,42018	18794,43604	17474,18703	14738,44557	15322,22383	13641,10272	13882,85683	16874,18749	21913,70817	25420,23488	27751,06547	26671,32942	32511,12666	31290,25372	28205,73284	33700,12604	38437,54316	39982,7543	42962,98821	44553,28221	38615,99518	40105,61339	42849,42632	42949,9	42084,35337	
Oman	OMN	GDP per capita (current US$)	NY.GDP.PCAP.CD	6448,127685	5988,844697	6278,642993	6029,189622	6013,191867	6261,736061	6830,633316	7039,61185	6254,983965	6967,102921	8601,25417	8475,964136	8626,984097	9066,347498	10126,1161	12377,06807	14420,51706	15838,46561	22139,64041	16823,77165	18756,97925	20921,14598	21902,58136	20926,55405	20131,91672	16028,75136	14618,87538	15130,94374	16414,8	15474,03248	
Pakistan	PAK	GDP per capita (current US$)	NY.GDP.PCAP.CD	371,6785573	411,859465	429,1469022	442,4922384	434,4654114	489,881814	497,2161432	476,3812312	461,2167361	454,2761254	576,1956006	544,4942738	534,3038828	599,3763227	687,8364171	748,9225846	836,8605211	908,0950906	990,8465996	957,9956808	987,409723	1164,976129	1198,109001	1208,90431	1251,164104	1356,667756	1368,454326	1464,993305	1482,3	1284,702041	
Panama	PAN	GDP per capita (current US$)	NY.GDP.PCAP.CD	2603,846622	2803,941591	3122,081256	3339,919455	3489,152406	3494,516014	3529,852222	3741,279464	3974,667035	4082,615957	4060,324493	4046,419981	4126,241558	4267,303325	4592,152614	4916,914994	5348,895292	6166,180721	7154,274496	7576,140467	8082,028459	9358,251475	10722,28363	11889,12763	12796,07004	13630,30797	14343,96363	15150,34561	15592	15731,01603	
Peru	PER	GDP per capita (current US$)	NY.GDP.PCAP.CD	1196,586858	1524,770874	1566,011552	1488,033249	1881,737119	2194,01797	2232,075906	2306,438801	2163,120031	1924,486567	1955,588006	1941,475632	2021,23974	2145,643183	2417,035501	2729,498682	3154,331237	3606,070435	4220,616969	4196,312793	5082,354757	5869,32308	6528,972218	6756,752769	6672,880255	6229,101696	6204,99726	6710,508029	6941,23	6977,695784	
Philippines	PHL	GDP per capita (current US$)	NY.GDP.PCAP.CD	715,9137121	715,7468201	814,7685392	816,4123244	939,9186379	1062,133065	1160,309681	1127,526549	966,989169	1087,378156	1072,809064	990,5638962	1036,159313	1048,008192	1121,489632	1244,349041	1452,438656	1744,640313	1991,231542	1905,894711	2217,474009	2450,733656	2694,305473	2871,430902	2959,648452	3001,040371	3073,653615	3123,234229	3252,09	3485,084218	
Papua New Guinea	PNG	GDP per capita (current US$)	NY.GDP.PCAP.CD	697,539573	801,4722863	905,2489808	1005,152359	1086,291813	893,773636	970,0923023	906,3595891	678,8972756	608,2820627	602,1869023	515,6846078	491,8343081	568,2464399	618,0368977	749,1863962	1256,978891	1401,947182	1672,950784	1626,312399	1949,352518	2406,909679	2790,676669	2729,891906	2920,783721	2679,345588	2509,631457	2695,251883	2720,3	2845,180186	
Poland	POL	GDP per capita (current US$)	NY.GDP.PCAP.CD	1731,209531	2235,541089	2459,020685	2497,195241	2874,825311	3682,791215	4140,983541	4116,926243	4510,413117	4389,976415	4492,727604	4981,198619	5196,932921	5693,377763	6681,178818	8020,963164	9038,654807	11255,37983	14001,38156	11527,53442	12599,53358	13893,50926	13145,53926	13781,06261	14347,91458	12572,4266	12431,81589	13861,30936	15460,6	15595,22703	
Portugal	PRT	GDP per capita (current US$)	NY.GDP.PCAP.CD	7884,617945	8958,985389	10810,56657	9534,656364	9977,319873	11781,36185	12185,0914	11575,50711	12199,20639	12471,07936	11497,75346	11724,6115	12875,32079	15762,97579	18031,00042	18773,12536	19822,84603	22782,09462	24847,54514	23059,79745	22498,69086	23186,91313	20564,88986	21647,04181	22074,30076	19242,36647	19978,40121	21490,42986	23461,5	23145,04082	
Paraguay	PRY	GDP per capita (current US$)	NY.GDP.PCAP.CD	1376,164673	1611,400976	1610,213334	1591,37311	1686,846001	1897,096362	2002,685918	1993,802781	1812,994022	1694,110236	1663,605252	1565,053712	1300,851426	1365,416418	1679,497171	1843,633791	2271,090038	2976,825503	4041,583876	3624,571058	4355,934939	5322,96376	5183,082877	5926,832863	6102,943233	5406,703857	5319,410218	5680,580768	5805,67	5414,799138	
Qatar	QAT	GDP per capita (current US$)	NY.GDP.PCAP.CD	15454,08233	14124,29283	15434,45934	14270,97377	14544,09164	15849,72008	17337,42187	21104,7243	18593,54892	21723,69996	29976,11704	28517,26721	30214,85901	34517,75509	42124,82901	51455,59419	59530,15354	65421,75277	80234,47007	59094,44494	67403,1603	82409,58033	85076,14793	85050,91097	83858,52838	63039,01655	57163,06099	61264,39648	68793,78	64781,7332	
Romania	ROU	GDP per capita (current US$)	NY.GDP.PCAP.CD	1680,705623	1260,749045	1102,103785	1158,132516	1323,104325	1650,276481	1633,010644	1577,323357	1852,467309	1599,889533	1659,90764	1825,179805	2119,882673	2679,41191	3494,944517	4617,929016	5757,496429	8360,166321	10435,04398	8548,118672	8209,919456	9104,995622	8535,046876	9555,244217	10026,97358	8977,437382	9567,129345	10807,79539	12408,5	12919,52964	
Russia	RUS	GDP per capita (current US$)	NY.GDP.PCAP.CD	3492,710314	3490,452505	3098,802639	2930,670201	2662,104034	2665,779867	2643,929196	2737,572024	1834,861843	1330,757236	1771,594059	2100,352512	2377,529577	2975,125353	4102,364833	5323,463083	6920,189125	9101,255049	11635,27293	8562,813277	10674,99578	14311,08432	15420,87454	15974,64463	14095,64874	9313,013625	8704,898413	10720,33259	11370,8	11584,99538	
Rwanda	RWA	GDP per capita (current US$)	NY.GDP.PCAP.CD	349,8733576	269,8501567	302,7384118	314,7513543	126,9547229	221,6287362	229,8869585	288,4091673	285,7101918	242,3140657	218,6801627	203,4568715	199,0673298	215,7489815	240,6492936	291,9966862	368,2488929	440,3301809	545,7551005	582,0572768	612,3436991	671,50994	728,6972971	726,1801569	747,0005116	754,906789	748,5044181	772,3184718	782,618	801,656187	
Saudi Arabia	SAU	GDP per capita (current US$)	NY.GDP.PCAP.CD	7246,016367	7883,245738	7932,090938	7485,541334	7421,291231	7690,577522	8335,803866	8551,674296	7419,160019	8007,95978	9171,330145	8684,647401	8695,400072	9609,966975	11185,13337	13791,44629	15384,74015	16516,62362	20078,25779	16113,14249	19262,54768	23745,80161	25243,3587	24844,74437	24463,90316	20627,93278	19879,29753	20803,74257	23338,9	23139,79866	
Singapore	SGP	GDP per capita (current US$)	NY.GDP.PCAP.CD	11861,75616	14502,37999	16135,91365	18290,02824	21553,0309	24914,41126	26233,6289	26375,97195	21829,29987	21796,08444	23852,32703	21700,02005	22159,68886	23730,15245	27608,53737	29961,26328	33769,15416	39432,93835	40007,46926	38927,20688	47236,96023	53890,42873	55546,48854	56967,42579	57562,53079	55646,61875	56828,29535	60913,74533	66188,7	65233,28244	
Sierra Leone	SLE	GDP per capita (current US$)	NY.GDP.PCAP.CD	150,3890323	179,361334	156,4032118	177,597591	211,5924777	202,3158548	218,3665864	196,1151103	153,458527	150,0062901	138,6986922	229,3755148	252,3962103	266,4471103	266,5695675	292,3493252	323,3891849	360,3721418	408,4807421	391,2010053	401,8350014	448,3375255	566,3786569	716,8353047	714,7007124	588,2284527	501,4157129	499,3807078	533,991	504,4625434	
El Salvador	SLV	GDP per capita (current US$)	NY.GDP.PCAP.CD	914,1309275	983,1800319	1073,311045	1216,701063	1380,70763	1585,109459	1684,785985	1778,837576	1886,35964	1930,623493	2001,538009	2072,299842	2124,102889	2209,496508	2278,431843	2428,569512	2631,820415	2786,157922	2933,395675	2858,47963	2983,242708	3266,045875	3428,384736	3509,531493	3589,042193	3705,577946	3805,993666	3910,257193	4067,65	4187,250031	
Serbia	SRB	GDP per capita (current US$)	NY.GDP.PCAP.CD						2207,454303	2864,087172	3380,043643	2571,17271	2571,305177	914,7855093	1727,281196	2283,846685	3005,426352	3502,803153	3720,479155	4382,617279	5848,476405	7101,040141	6169,114195	5735,422857	6809,159804	6015,945228	6755,073511	6600,05665	5585,117808	5756,381194	6284,192804	7246,1	7402,354559	
Sao Tome and Principe	STP	GDP per capita (current US$)	NY.GDP.PCAP.CD												524,6879948	577,6401566	678,6928396	745,3154519	866,5049956	883,0697315	896,851612	1098,768061	1067,914125	1094,710717	1263,868022	1340,527702	1577,018278	1782,798059	1595,864632	1710,130898	1811,012826	2001,1	1994,906467	
Suriname	SUR	GDP per capita (current US$)	NY.GDP.PCAP.CD	958,6146981	1084,974758	961,8333314	1001,716482	1391,600964	1565,212023	1921,879712	2039,854809	2415,77884	1904,424719	2012,260287	1750,558371	2267,721066	2611,356086	3006,189322	3590,626616	5197,717047	5744,759727	6831,970411	7408,389111	8255,796859	8263,172923	9201,008785	9402,233137	9472,0076	8561,974179	5539,068872	5626,795816	6003	6854,906561	
Slovakia	SVK	GDP per capita (current US$)	NY.GDP.PCAP.CD	2405,535136	2691,195606	2920,917567	3102,296793	3771,359427	4819,125555	5196,94038	5146,671078	5538,616465	5643,675109	5413,150621	5717,21709	6533,553213	8712,698793	10671,82186	11685,75482	13159,75944	16085,61152	18677,29271	16531,67051	16727,29133	18338,36223	17460,04681	18236,98079	18670,93017	16309,07324	16505,97505	17554,30832	19428,1	19329,0968	
Slovenia	SVN	GDP per capita (current US$)	NY.GDP.PCAP.CD	9107,477079	6633,73828	6562,018396	6656,933376	7564,741184	10730,45091	10815,11122	10454,96556	11175,7711	11452,78279	10201,30354	10479,75943	11777,15551	14849,03695	17233,13856	18098,90873	19672,96549	23787,64669	27483,33695	24694,23056	23509,54339	25095,13263	22643,10025	23496,60231	24214,92207	20881,76677	21622,58068	23500,75223	26054,5	25739,24781	
Sweden	SWE	GDP per capita (current US$)	NY.GDP.PCAP.CD	30593,67245	31822,80385	32800,98268	24425,28493	26083,61439	30282,96392	32998,96816	30312,4876	30596,5272	30941,07936	29624,91267	27247,85773	29899,19525	37321,7979	42821,67314	43437,06312	46593,60216	53700,00534	56152,55234	46946,96027	52869,04429	60755,75955	58037,82132	61126,9432	60020,36046	51545,48361	51965,15715	53791,50873	54589	51610,06606	
Chad	TCD	GDP per capita (current US$)	NY.GDP.PCAP.CD	291,5532595	304,8747696	296,0393706	222,9232851	173,9903751	206,2610645	221,6730095	205,8627232	224,553884	190,5589772	165,7629866	196,9736976	220,3759764	291,9448516	453,5218172	658,3049578	709,7651951	798,5480013	925,6360843	800,4642249	892,5687203	984,7358915	967,3527975	979,8124096	1020,288204	776,0195323	693,4493865	665,9483527	726,149	709,5403101	
Togo	TGO	GDP per capita (current US$)	NY.GDP.PCAP.CD	431,4501598	414,7820816	429,0420348	306,1505635	238,4653956	309,8184402	336,9772364	334,1433955	342,658274	329,6959964	302,2063943	292,5673576	326,8556001	396,0300441	412,589392	406,4009505	407,6946979	449,1442328	544,1475234	538,4419516	534,0443668	587,0971368	571,8067239	621,3988536	640,9342196	570,910279	597,4710888	626,0915279	678,95	675,5422133	
Thailand	THA	GDP per capita (current US$)	NY.GDP.PCAP.CD	1508,942737	1716,415599	1927,882737	2209,36303	2491,42809	2846,586738	3043,980517	2468,184973	1845,82887	2033,257944	2007,735175	1893,26406	2096,187999	2359,116867	2660,126998	2894,062656	3369,543403	3973,016991	4379,658524	4213,006339	5076,340174	5492,121256	5860,582507	6168,262985	5951,883702	5840,046523	5994,231475	6592,914902	7295,47	7808,192916	
Tajikistan	TJK	GDP per capita (current US$)	NY.GDP.PCAP.CD	497,6320261	469,3379255	346,9784139	294,4038807	268,0002958	213,6353402	178,361221	155,1884916	219,0404999	177,5597157	138,4288795	171,0479834	190,0025003	237,7574442	311,6273248	340,5830327	408,8385907	526,6429154	715,8651105	676,1234193	749,552711	847,3821018	969,2964731	1048,227293	1104,171689	929,0958572	802,5180041	806,0415731	826,621	870,7875893	
Turkmenistan	TKM	GDP per capita (current US$)	NY.GDP.PCAP.CD	865,789417	846,6461572	820,6842727	792,6684621	622,3706261	589,905474	554,8327509	562,6370536	590,393217	548,6991476	643,174726	774,4828307	967,8901647	1283,911263	1453,916238	1704,417531	2136,474322	2600,369292	3904,463719	4036,455999	4439,200382	5649,952278	6675,185658	7304,287132	7962,239098	6432,680702	6389,548408	6587,090316	6966,63		
Timor-Leste	TLS	GDP per capita (current US$)	NY.GDP.PCAP.CD											415,0834787	529,7902522	508,7916881	517,7846146	453,4767175	464,5196375	446,4577497	523,7336977	614,4323923	676,6227594	806,4078617	947,5137304	1013,050451	1210,033296	1232,456832	1334,661956	1358,201692	1294,715534	1237,1	1294,188934	
Tunisia	TUN	GDP per capita (current US$)	NY.GDP.PCAP.CD	1491,122129	1551,376893	1799,110329	1660,875379	1743,154533	1975,900295	2113,586292	2208,205303	2292,712947	2386,589244	2211,826817	2253,04471	2344,413533	2760,414314	3111,382703	3193,206569	3370,033926	3775,75001	4307,155878	4128,462783	4141,976353	4264,674946	4152,678587	4222,703245	4305,474165	3861,688531	3697,930831	3481,228739	3438,78	3317,541013	
Turkey	TUR	GDP per capita (current US$)	NY.GDP.PCAP.CD	2794,35039	2735,707864	2842,369876	3180,187801	2270,337523	2897,866491	3053,947025	3144,385859	4496,49682	4108,123199	4316,548907	3119,56579	3659,939868	4718,199808	6040,607698	7384,251628	8035,377338	9711,873594	10854,17225	9038,52015	10672,38925	11335,51051	11707,25971	12519,39143	12095,85457	10948,72461	10820,63384	10513,64843	9370,1	9042,492983	
Tanzania	TZA	GDP per capita (current US$)	NY.GDP.PCAP.CD	173,7906392	195,6615379	175,5581268	157,0608183	161,1769355	182,3618837	219,5501888	253,4759513	395,5326846	400,2636844	410,9523276	406,5386686	411,9723458	431,2796931	459,2592825	492,6313793	485,4974874	552,8395296	687,3904455	695,2167768	743,4037847	781,4370143	867,8676806	970,4169384	1030,092917	947,9334465	966,4746224	1004,841121	1060,99	1122,12181	
Uganda	UGA	GDP per capita (current US$)	NY.GDP.PCAP.CD	248,0293672	185,0181481	153,943974	167,9412317	201,6026565	281,9662023	287,3882361	289,5044142	295,405358	261,347861	261,8689977	239,4731859	245,5000794	243,9015264	296,0469361	325,5903736	347,9903568	416,8986194	467,9005703	793,4832855	815,8736791	825,8384352	783,717921	803,5093739	876,3543005	840,4015715	730,6250405	747,1969074	767,097	776,7685759	
Ukraine	UKR	GDP per capita (current US$)	NY.GDP.PCAP.CD	1569,757584	1489,688775	1417,865162	1258,136574	1012,098194	935,9589884	872,698742	991,2204028	835,2509542	635,7579226	635,7005351	780,3211789	878,6187489	1047,50279	1366,016476	1826,931391	2300,769709	3065,611294	3887,242337	2542,995424	2965,139715	3569,758121	3855,417729	4029,711252	3104,643206	2124,662319	2187,73051	2640,675677	3096,81	3659,031312	
Uruguay	URY	GDP per capita (current US$)	NY.GDP.PCAP.CD	2990,364248	3578,284729	4082,531892	4720,991306	5458,86395	5985,105857	6317,565767	7329,853491	7713,618771	7250,259428	6875,021328	6284,4559	4090,899267	3624,198052	4120,556611	5226,937806	5887,848703	7026,511491	9091,079039	9451,932449	11992,01663	14236,68119	15171,58466	16973,67421	16831,97294	15613,76427	15387,14403	17322,14739	17277,9	16190,12696	
United States of America	USA	GDP per capita (current US$)	NY.GDP.PCAP.CD	23888,60001	24342,2589	25418,99078	26387,29373	27694,85342	28690,8757	29967,71272	31459,139	32853,67698	34513,5615	36334,90878	37133,24281	38023,16111	39496,48588	41712,80107	44114,74778	46298,73144	47975,96768	48382,55845	47099,98047	48467,51578	49886,81811	51610,60528	53117,66783	55047,72556	56822,51882	57927,51685	59957,72585	62840	65118,35833	
Uzbekistan	UZB	GDP per capita (current US$)	NY.GDP.PCAP.CD	651,4192061	652,8074753	603,3520153	596,9835856	576,4471105	585,9323642	600,5981578	623,0026524	623,2161328	702,4807441	558,2268024	456,7062895	383,343068	396,377979	465,1198869	546,7768502	654,2838373	830,4076942	1082,286025	1213,265328	1634,312095	1926,292997	2137,025122	2281,410973	2492,336643	2615,025134	2567,799207	1826,566919	1529,08	1724,841134	
Vietnam	VNM	GDP per capita (current US$)	NY.GDP.PCAP.CD	95,18825018	138,4474544	139,2001366	182,3084018	221,1291812	276,8126665	324,1472069	348,0173981	348,3243262	362,9195028	390,0933261	404,8078662	430,0528671	480,5797992	546,9096058	687,4797356	784,3724223	906,2841981	1149,424642	1217,268555	1317,890706	1525,115988	1735,141276	1886,671896	2030,261955	2085,101484	2192,214539	2365,621666	2566,59	2715,276036	
Vanuatu	VUT	GDP per capita (current US$)	NY.GDP.PCAP.CD	1080,67245	1253,151528	1264,049655	1177,386158	1335,902498	1390,966323	1427,759013	1462,890229	1473,710174	1478,494057	1470,572265	1363,113016	1354,186169	1580,542444	1788,087167	1887,226576	2049,618856	2398,612625	2705,597658	2649,618144	2966,857116	3264,537017	3133,090209	3124,233078	3088,258303	2801,939848	2889,853036	3082,356323	3095,7	3058,065675	
Yemen	YEM	GDP per capita (current US$)	NY.GDP.PCAP.CD	482,247874	482,0606889	498,9634588	393,7392321	291,4721525	285,5695548	374,0114314	428,06081	384,4998469	451,5711388	554,4486334	550,3602417	579,8529205	620,3827587	709,9653061	832,8444886	921,4184439	1017,292001	1229,246843	1116,084594	1334,784845	1374,621285	1446,536354	1607,152365	1673,146354	1395,439633	1033,733043	882,3957585	968,159		
South Africa	ZAF	GDP per capita (current US$)	NY.GDP.PCAP.CD	3139,966054	3285,95465	3479,066283	3388,729303	3445,230068	3751,854328	3494,383567	3549,579815	3154,020777	3081,569927	3032,427138	2666,47491	2502,277005	3751,282813	4833,627517	5383,656543	5602,011044	6095,622439	5760,805287	5862,79734	7328,615629	8007,412846	7501,469984	6832,456891	6433,187277	5734,633629	5272,918425	6132,479841	6374,02	6001,400814	
Zimbabwe	ZWE	GDP per capita (current US$)	NY.GDP.PCAP.CD	841,9729898	809,0521248	619,372594	591,7201625	611,865711	623,2099674	741,0957267	731,9483797	544,9841629	580,0707181	563,0577411	568,3859092	530,5305794	478,007405	482,9984113	476,5553236	447,8549242	431,7871883	356,6933497	771,5987859	948,3318545	1093,654002	1304,969802	1430,000818	1434,89934	1445,071062	1464,583529	1548,170056	1683,74	1463,98591	
